LIGHTHIEF CYPRUS — CASHFLOW TRACKER (Planned vs Actual),,,,,,,,,,,,,,,,,,
Last Updated,17 April 2026,,,,,,,,,,,,,,,,,
Note: Planned Revenue = contract value for deals signed that month. Actual = cash received. Gap = future invoicing to collect.,,,,,,,,,,,,,,,,,,
,,,,,,,,,,,,,,,,,,
,REVENUE (INFLOWS),,,,,COST OF SALES (COGS),,,OPERATING EXPENSES,,,,,,,CASHFLOW
Month,Contracts Signed (Planned),Cash Received (Actual),Revenue Gap (to collect),Shareholder Loans (in),Total Cash In,Trikkis / COGS Planned,Trikkis / COGS Actual,COGS Variance,Payroll Gross,Employer SI (est),Marketing (Google+Meta),Subscriptions,Other OPEX,Total OPEX,Net Cash Flow,Opening Balance,Closing Balance (est),Notes
Aug-25,20700,4243,16457,0,4243,15470,0,15470,2000,400,850,600,500,4350,-107,15000,14893,Solvest (Vladimir) €6262 not yet billed by Trikkis
Sep-25,25583,11077,14506,0,11077,16879,4867,12012,2000,400,1440,600,500,9807,1270,14893,16163,Solvest payment Nov €4867 — booked here as Sep COGS
Oct-25,33200,11832,21368,0,11832,19640,0,19640,4000,800,1440,700,500,7440,4392,16163,20555,Trikkis COGS deferred — invoiced but not yet paid to Trikkis
Nov-25,54590,15021,39569,0,15021,34350,6158,28192,7000,1400,1440,700,1000,11540,3481,20555,24036,Pinaki COGS €6158 paid Dec. High COGS month — bulk installs
Dec-25,84294,20806,63488,0,20806,56130,0,56130,8000,1600,1400,700,1200,12900,7906,24036,31942,Most Dec COGS owed to Trikkis — unpaid at year end
Jan-26,0,12011,0,5500,17511,0,3000,−3000,5500,1100,900,700,500,8700,8811,31942,40753,Trikkis partial payment. Shareholder loan €5500.
Feb-26,0,24628,0,0,24628,0,5875,−5875,6500,1300,900,700,3500,12900,11728,40753,52481,GRS €2705 in Other. Trikkis part payment €5875.
Mar-26,0,12776,0,0,12776,0,3000,−3000,6500,1300,800,700,500,9800,2976,52481,55457,New team member Andreas onboarded end Mar.
Apr-26 (proj),0,24502,0,0,24502,10754,6000,4754,7000,1400,800,700,500,10400,14102,55457,69559,Zhanna install €5042 + Demetris €5712 COGS incoming to Trikkis. €6k Trikkis paid 17 Apr.
May-26 (proj),0,32061,0,0,32061,12000,6000,6000,7000,1400,850,700,500,10450,15611,69559,85170,Emilianos + Ophir + Nukri installs. VAT due May 10 (est €3300) deducted from Other.
Jun-26 (proj),0,13000,0,0,13000,0,6000,−6000,7000,1400,850,700,500,10450,2550,85170,87720,Damir inst 6 €5000 + inspection-triggered clients.
Jul-26 (proj),0,8000,0,0,8000,0,6000,−6000,7000,1400,850,700,500,10450,-2450,87720,85270,Damir inst 7 €5000. Pipeline new sales needed.
,,,,,,,,,,,,,,,,,,
TOTALS / YTD (Aug25–Mar26),,111414,155388,,111414,,18900,,41500,8300,9170,5400,8200,72570,38844,,,
,,,,,,,,,,,,,,,,,,
TRIKKIS ACCOUNT RECONCILIATION,,,,,,,,,,,,,,,,,,
Opening Trikkis balance (pre Aug 2025),0,,,,,,,,,,,,,,,,
Trikkis invoices raised (approx),142469,,,,,,,,,,,,,,,,
Payments made to Trikkis (bank Aug25–Apr26),23900,,,,,,,,,,,,,,,,
Estimated Trikkis balance owed (17 Apr 2026),~40344,,,,,,,,,,,,,,,,
Note: April installs (Zhanna ~€5042 + Demetris ~€5712) will add ~€10754 to balance,,,,,,,,,,,,,,,,,,
Post-April installs Trikkis balance (est),~51098,,,,,,,,,,,,,,,,
,,,,,,,,,,,,,,,,,,
PAYROLL HEADCOUNT,,,,,,,,,,,,,,,,,,
Month,Active Staff,Monthly Gross Wages,Employer SI (~20%),Total Payroll Cost,Notes,,,,,,,,,,,,
Aug-25,1,2000,400,2400,Alex only,,,,,,,,,,,,
Sep-25,1,2000,400,2400,Alex only,,,,,,,,,,,,
Oct-25,2,4000,800,4800,Alex + Christos starts (subcontractor),,,,,,,,,,,,
Nov-25,3,6000,1200,7200,+Zinovia (Tatiana) starts Nov,,,,,,,,,,,,
Dec-25,3,6000,1200,7200,Alex + Christos + Zinovia,,,,,,,,,,,,
Jan-26,4,7900,1580,9480,+Costas starts. +Jihat part month.,,,,,,,,,,,,
Feb-26,5,8900,1780,10680,Full team. GRS fee €2705 (Zinovia recruitment).,,,,,,,,,,,,
Mar-26,5,8900,1780,10680,Christos Nicolaou terminated end March.,,,,,,,,,,,,
Apr-26,5,9400,1880,11280,Andreas Christoforou onboarded. Christos final week.,,,,,,,,,,,,
May-26 (proj),4,7900,1580,9480,Andreas + Costas + Zinovia + Jihat + Alex (Christos gone),,,,,,,,,,,,
