LIGHTHIEF CYPRUS — ALEX COMMISSION TRACKER,,,,,,,,,,
Last Updated,17 April 2026,,,,,,,,,
Commission Rule: Alex earns 1/3 of Net Margin on ALL deals,,,,,,,,,
,,,,,,,,,,
COMPLETED DEALS (Commission Earned),,,,,,,,,
Deal / Client,Month Signed,Net Margin Ex VAT (€),Alex Entitlement 1/3 (€),Paid via Bank (€),Paid Off-Bank — Cash/Crypto (€),Total Paid (€),Balance Owed to Alex (€),Payment Notes,Deal Status
Vladimir,Aug-25,262.18,87.39,87.39,0.00,87.39,0.00,Included in Aug bank batch payment,Done
Pinaki Das,Aug-25,1722.69,574.23,574.23,0.00,574.23,0.00,Bank payment allocated,Done
Maria Ioannou,Aug-25,2410.08,803.36,803.36,0.00,803.36,0.00,Bank payment allocated,Done
Savvas Savva,Sep-25,1411.50,470.50,0.00,0.00,0.00,470.50,Not yet paid,Done
George Pachis,Sep-25,2162.85,720.95,0.00,0.00,0.00,720.95,Not yet paid,Done
Pambos Ioannou,Sep-25,3515.55,1171.85,0.00,0.00,0.00,1171.85,Not yet paid,Done (pending final 1/3)
Doros,Sep-25,1988.74,662.91,0.00,0.00,0.00,662.91,Not yet paid,Done
Bjorn,Oct-25,1022.69,340.90,340.90,0.00,340.90,0.00,Bank payment allocated,Done
Nikita / Elena Lindina,Oct-25,1894.96,631.65,0.00,2800.00 (cash),2800.00,-2168.35,Alex pre-drew €2800 cash against this deal. Net advance to Alex = €2168.35. Final balance after collection.,Done pending inspection
Christakis Michael,Oct-25,2498.98,832.99,0.00,0.00,0.00,832.99,Pending — deal not fully collected,Done pending EAC
David David,Oct-25,3544.53,1181.51,0.00,0.00,0.00,1181.51,At risk — client unresponsive,AT RISK
Alexandra,Nov-25,1846.85,615.62,0.00,0.00,0.00,615.62,Not yet paid,Done (minor balance)
Emilianos / CYVIEW,Nov-25,3475.52,1158.51,0.00,0.00,0.00,1158.51,Pending install 2 May,Install 2 May
Ludmila Kustia,Nov-25,1990.03,663.34,0.00,0.00,0.00,663.34,Pending final client payment,Done pending final
Zhanna Arutiunova,Nov-25,2821.82,940.61,0.00,5600.00 (crypto),5600.00,-4659.39,Alex pre-drew 2/3 in crypto (€5600). Net advance to Alex = €4659. Commission earned on install = €940.61.,Install 22 Apr
Nukri Jigania,Nov-25,3157.96,1052.65,0.00,5867.00 (crypto),5867.00,-4814.35,Alex pre-drew 2/3 in crypto (€5867). Net advance to Alex = €4814. Commission earned on install = €1052.65.,Install May TBD
Andy Christodoulou,Nov-25,1653.78,551.26,0.00,0.00,0.00,551.26,Pending inspection,Done pending inspection
Anton / Popova Alena,Nov-25,1128.99,376.33,0.00,0.00,0.00,376.33,Pending final client payment,Done pending final
Vivienne Lee,Dec-25,1574.61,524.87,0.00,0.00,0.00,524.87,Pending EAC approval,Blocked
Gonen / Alpha Ioannou,Dec-25,2331.56,777.19,0.00,0.00,0.00,777.19,Pending EAC approval,Blocked
Ophir,Dec-25,2039.48,679.83,0.00,0.00,0.00,679.83,Pending install 6 May,Install 6 May
Demetris Nikopoulos,Dec-25,1700.00,566.67,0.00,0.00,0.00,566.67,Pending install 24 Apr,Install 24 Apr
Damir / Aurolia Ltd,Dec-25,20336.13,6778.71,3647.00,0.00,3647.00,3131.71,Bank: €1847 (2/3 BOC transfer) + €1800 (Aurolia) = €3647 paid. Balance €3131.71 owed.,Ongoing
Bank comm batch unallocated (Aug 2025),Aug-25,—,—,1600.00,0.00,1600.00,-1600.00,Aug batch bank commission — allocated across Aug deals above,Historical
,,,,,,,,,,
COMMISSION SUMMARY,,,,,,,,,,
Metric,Amount (€),Notes,,,,,,,
Total Net Margin (all deals),74511.49,Sum of all net margins ex VAT,,,,,,,
Total Alex Entitlement (1/3),22170.50,Regardless of salesperson for that deal,,,,,,,
Total Paid via Bank,6052.88,Confirmed bank payments allocated to Alex (excl. Aug €1600 batch),,,,,,,
Total Paid Off-Bank (Cash + Crypto),14267.00,Nikita cash €2800 + Nukri crypto €5867 + Zhanna crypto €5600,,,,,,,
Total Paid (Bank + Off-Bank),20319.88,,,,,,,,
Net Balance Owed to Alex (current deals),650.62,Positive = company owes Alex | Negative = Alex pre-drew more than earned,,,,,,,
,,,,,,,,,,
PENDING COMMISSION ON INCOMPLETE DEALS,,,,,,,,,,
Client,Remaining to Collect (€),Alex Commission on Remaining (€),Expected Date,Notes,,,,
Damir / Aurolia — Insts 4-7,19997.00,6665.67,Apr–Jul 2026,Per contract schedule. Insts 4 overdue.,,,,
Emilianos / CYVIEW,5214.00,1738.00,2 May 2026,Pays on install completion.,,,,
David David (AT RISK),7200.00,2400.00,Unknown,Client unresponsive. May not collect.,,,,
Gonen / Alpha Ioannou,8324.00,2774.67,Unknown,EAC new house flag. Blocked.,,,,
Vivienne Lee,3400.00,1133.33,Unknown,EAC new house flag. Blocked.,,,,
Demetris Nikopoulos,3735.00,1245.00,24 Apr 2026,Pays on install.,,,,
Ophir,4031.29,1343.76,6 May 2026,Pays on install.,,,,
Christakis Michael,1950.00,650.00,Apr–May 2026,Pays on EAC connection offer.,,,,
Zhanna Arutiunova,2800.00,933.33,22 Apr 2026,Pays on install.,,,,
Nukri Jigania,2933.00,977.67,May 2026,Pays on install.,,,,
Pambos Ioannou,2000.00,666.67,21 May 2026,EAC inspection 21 May.,,,,
Nikita / Lindina,2933.00,977.67,May–Jun 2026,EAC inspection TBD.,,,,
Ludmila Kustia,3000.00,1000.00,Apr 2026,Land registry done. Client to pay.,,,,
Andy Christodoulou,2650.00,883.33,May–Jun 2026,EAC inspection / title deed.,,,,
Anton / Popova,2967.00,989.00,Now,Connected — no blocker.,,,,
Minor balances (Vladimir + Alexandra + Bjorn),743.00,247.67,ASAP,Essentially settled.,,,,
Total Pending Commission Pipeline,73877.29,24625.77,,,,,,,
,,,,,,,,,,
PRE-DRAWS RECONCILIATION,,,,,,,,,,
Nikita: Alex took €2800 cash. Commission earned = €631.65. Alex advance over entitlement = €2168.35 (covered by future Nikita completion + overall pool),,,,,,,,,,
Zhanna: Alex took €5600 crypto. Commission earned = €940.61. Alex advance over entitlement = €4659.39 (covered by future Zhanna final + overall pool),,,,,,,,,,
Nukri: Alex took €5867 crypto. Commission earned = €1052.65. Alex advance over entitlement = €4814.35 (covered by future Nukri final + overall pool),,,,,,,,,,
Total Alex pre-draws over individual deal entitlement,11641.74,Alex advanced this amount against future/pooled commission. Net position after all deals = +€650.62 owed to Alex.,,,,,,,
