Developer group,Brand,SPVs,Licences,PV MWp,BESS MW,Max score,Primary target,Districts,Directors,Developer domain,Best contact,Best email,Best phone,Confidence,Companies
bioland,BIOLAND,16,24,124.90,83.95,52,Hybrid EPC (PV + BESS),Larnaca; Nicosia; Famagusta,ΙΡΙΝΑ ΗΡΑΚΛΕΟΥΣ; ΑΝΔΡΕΑΣ ΜΙΧΑΗΛ; ΔΗΜΗΤΡΙΟΣ ΚΩΝΣΤΑΝΤΙΝΙΔΗΣ; ΕΚΑΤΕΡΙΝΑ ΦΑΤΕΡΟΒΑ,biolandenergy.com,,,,,BIOLAND PROJECT 1 LTD; BIOLAND PROJECT 25 LTD; BIOLAND PROJECT 44 LTD; BIOLAND PROJECT 46 LTD; BIOLAND PROJECT 5 LTD; BIOLAND PROJECT 51 LTD; BIOLAND PROJECT 70 LTD; BIOLAND PROJECT 71 LTD
santiam,SANTIAM,5,8,50.01,12.93,54,PV O&M,Nicosia,ΜΑΡΙΑ ΠΑΤΣΑΛΙΔΟΥ; ΠΑΥΛΟΣ ΣΤΕΦΑΝΙΔΗΣ,,,,,,HELLENIQ RENEWABLES CYPRUS AGIA VARVARA LTD; RES ZEUS ELECTRICITY COMPANY LTD; SANTIAM INVESTMENT I LTD; SANTIAM INVESTMENT IV LTD; SOLIGHT ELECTRICITY COMPANY LTD
mandrill,MANDRILL,5,16,103.30,58.13,52,Hybrid EPC (PV + BESS),Larnaca; Nicosia,PIETER JOHAN M. GODDERIS,sveasolar.com,,,,,CALIFERA LTD; CARCALINA LTD; CROTALINA LTD; MANDRILL LTD; SAOLA LTD
heliopex,HELIOPEX,4,4,25.00,19.65,52,Hybrid EPC (PV + BESS),Larnaca; Nicosia,ΦΙΛΙΠΠΟΣ ΠΑΤΣΑΛΗΣ; ΓΕΩΡΓΙΟΣ ΚΑΛΛΕΝΟΣ,,,,,,HELIOPEX 1 LTD; HELIOPEX 2 LTD; HELIOPEX 3 LTD; HELIOPEX 5 LTD
zelde,ZELDE,3,6,44.46,0.00,50,PV EPC,Larnaca,ΑΝΤΩΝΙΤΣΑ ΚΩΝΣΤΑΝΤΙΝΟΥ; ΧΡΙΣΤΙΑΝΑ ΠΕΡΔΙΚΟΥ; JEAN-MARC FELIX BRUEL,zelde.com,,,,,FIVE RED LTD; ONERED LTD; ZELDE HOLDINGS LTD
gp-rodik,GP RODIK,3,8,41.13,7.50,44,Hybrid EPC (PV + BESS),Larnaca; Limassol,ΚΛΕΑΝΘΗΣ ΕΛΛΗΝΑΣ; ΜΑΡΙΑ ΕΛΛΗΝΑ,,,,,,D.K. SOLAR PROJECT HOLDINGS LTD; GP RODIK SERVICES LTD; PLETEA INVESTMENTS LTD
agm,AGM,2,18,114.00,61.00,52,Hybrid EPC (PV + BESS),Famagusta; Paphos; Nicosia; Limassol,ΤΙΜΟΘΕΟΣ ΤΙΜΟΘΕΟΥ,,,,,,AGM LIGHTPOWER LTD; AGM SOLAR POWER LTD
vemaria-enterprises,VEMARIA ENTERPRISES,2,17,88.05,55.65,52,Hybrid EPC (PV + BESS),Nicosia; Limassol,ΣΤΥΛΙΑΝΟΣ ΓΕΩΡΓΙΟΥ; ΔΗΜΟΣ ΔΗΜΟΥ,,,,,,GOTIARE LTD; VEMARIA ENTERPRISES LTD
greenium,GREENIUM,2,2,12.50,6.85,52,Hybrid EPC (PV + BESS),Larnaca; Limassol,ΚΥΡΙΑΚΟΣ ΧΑΡΑΛΑΜΠΟΥΣ; ΧΡΙΣΤΑΚΗΣ ΧΑΡΑΛΑΜΠΟΥΣ,,,,,,GREENIUM ENERGY LTD; KERIA ENERGY LTD
phoenix,PHOENIX,2,4,28.40,0.00,50,PV EPC,Famagusta; Larnaca,ROGER TANIOS; JIHAD HANI,phoenixlb.com,,,,,PHOENIX POWER 3 LTD; PHOENIX POWER 4 LTD
mzeo,MZEO,2,3,16.78,0.50,48,PV EPC,Nicosia,IRAKLI BUKHIASHVILI,,,,,,MZEO LTD; RENERGETIC LTD
gka,GKA,2,2,14.03,6.40,48,PV EPC,Larnaca; Nicosia,ΓΕΩΡΓΙΟΣ ΓΕΩΡΓΙΟΥ,,,,,,GKA ENERGY LTD; GKA SUNENERGY LTD
-,ΗΛΙΟΜΟΡΦΟΝ ΛΤΔ,2,4,10.00,10.00,44,PV O&M,Nicosia,ΕΛΕΝΑ ΓΕΩΡΓΙΟΥ; ΝΑΤΑΛΙΑ ΙΩΑΝΝΟΥ,,,,,,ARMOLIA INVESTMENTS LTD; ΗΛΙΟΜΟΡΦΟΝ 1 ΛΤΔ
--2,ΑΡΧΗ ΗΛΕΚΤΡΙΣΜΟΥ,1,9,52.00,0.00,56,PV O&M,Nicosia; Limassol,,,,,,,ΑΡΧΗ ΗΛΕΚΤΡΙΣΜΟΥ ΚΥΠΡΟΥ
haffneve,HAFFNEVE,1,8,39.03,2.00,52,Hybrid EPC (PV + BESS),Larnaca; Nicosia,ΔΗΜΗΤΡΗΣ ΖΟΡΠΑΣ; ΚΩΝΣΤΑΝΤΙΝΟΣ ΖΟΡΠΑΣ,,,,,,HAFFNEVE HOLDING LTD
gka-sunpower,GKA SUNPOWER,1,7,35.39,12.86,52,Hybrid EPC (PV + BESS),Larnaca; Nicosia; Famagusta,,,,,,,GKA SUNPOWER LTD
igva,IGVA,1,5,29.75,24.55,52,Hybrid EPC (PV + BESS),Larnaca; Nicosia; Limassol,IGOR PAVLENKO,,,,,,IGVA SOLAR ENERGY LTD
e-evergreen,E EVERGREEN,1,4,23.70,14.50,52,Hybrid EPC (PV + BESS),Limassol,,,,,,,L. E. EVERGREEN ENERGY LTD
ergo,ERGO,1,2,13.00,7.50,52,Hybrid EPC (PV + BESS),Limassol,ΚΥΡΙΑΚΟΣ ΚΥΡΙΑΚΙΔΗΣ; ΚΩΣΤΑΣ ΜΑΥΡΟΜΜΑΤΗΣ,,,,,,ERGO ENERGY PV PARKS LTD
petrolina,PETROLINA,1,2,12.50,12.50,52,Hybrid EPC (PV + BESS),Nicosia,ΓΕΩΡΓΙΑ ΛΕΥΚΑΡΙΤΗ ΙΩΑΝΝΟΥ; ΝΙΚΟΛΑΣ ΕΠΙΦΑΝΙΟΥ,,,,,,PETROLINA ELECTRIC LTD
eloads,ELOADS,1,1,8.00,8.00,52,Hybrid EPC (PV + BESS),Larnaca,POWERNEST LTD; ΣΩΚΡΑΤΗΣ ΓΕΩΡΓΙΑΔΗΣ,,,,,,ELOADS ENERGIES STORAGE LTD
a-t,A T,1,1,8.00,8.00,52,Hybrid EPC (PV + BESS),Larnaca,,,,,,,A&T ENERGY LTD
pureenergyintel,PUREENERGYINTEL,1,1,7.99,1.00,52,Hybrid EPC (PV + BESS),Limassol,ΞΕΝΟΦΩΝ ΞΕΝΟΦΩΝΤΟΣ,,,,,,M.X. PUREENERGYINTEL LTD
--3,ΑΡΗΣ ΑΘΛΗΤΙΚΕΣ,1,1,7.96,7.80,52,Hybrid EPC (PV + BESS),Limassol,ΑΝΔΡΕΑΣ ΣΟΦΟΚΛΕΟΥΣ; ΚΥΡΙΑΚΟΣ ΧΑΤΖΗΚΥΡΙΑΚΟΥ,,,,,,ΑΡΗΣ ΑΘΛΗΤΙΚΕΣ ΕΓΚΑΤΑΣΤΑΣΕΙΣ ΛΤΔ
greenfin,GREENFIN,1,13,103.87,0.00,50,PV EPC,Larnaca,ΑΛΕΞΑΝΔΡΟΣ ΑΛΕΞΑΝΔΡΟΥ,,,,,,GREENFIN ENERGIES KYRA LTD
esc-eastern,ESC EASTERN,1,10,57.60,0.00,50,PV EPC,Famagusta,,,,,,,ESC EASTERN SOLAR COMPANY LTD
p-elsim,P ELSIM,1,5,30.50,0.00,50,PV EPC,Larnaca; Famagusta,ΜΕΜΝΩΝ ΠΑΠΑΓΕΩΡΓΙΟΥ; ΦΛΩΡΕΝΤΙΑ ΠΑΠΑΓΕΩΡΓΙΟΥ,,,,,,D.P. ELSIM LTD
solek-larnaka,SOLEK LARNAKA,1,5,26.93,0.00,50,PV EPC,Larnaca,,,,,,,SOLEK LARNAKA I LTD
revesius,REVESIUS,1,4,26.50,6.00,50,PV EPC,Limassol; Larnaca,ΜΑΡΙΑ ΗΡΩΑ ΠΑΤΣΑΛΗ,,,,,,REVESIUS LTD
easy,EASY,1,5,18.23,10.28,50,PV EPC,Nicosia,,,,,,,EASY POWER (CYPRUS) LTD
--4,ΤΣΙΜΕΝΤΟΠΟΙΙΑ ΒΑΣΙΛΙΚΟΥ,1,2,16.00,0.00,50,PV EPC,Larnaca,ΑΝΑΣΤΑΣΙΑ ΠΑΠΑΔΟΠΟΥΛΟΥ; ΓΙΑΝΝΑΚΗΣ ΣΑΒΒΙΔΗΣ,,,,,,ΤΣΙΜΕΝΤΟΠΟΙΙΑ ΒΑΣΙΛΙΚΟΥ ΔΗΜΟΣΙΑ ΕΤΑΙΡΕΙΑ ΛΤΔ
--5,ΦΑΝΟΣ Ν,1,2,14.90,0.00,50,PV EPC,Larnaca,ΜΑΡΙΟΣ ΔΗΜΗΤΡΙΑΔΗΣ; ΑΛΕΞΑΝΔΡΑ ΕΠΙΦΑΝΙΟΥ,,,,,,ΦΑΝΟΣ Ν. ΕΠΙΦΑΝΙΟΥ Δ.Ε. ΛΤΔ
vathia-gonia,VATHIA GONIA,1,2,14.00,0.00,50,PV EPC,Nicosia,ΑΧΙΛΛΕΑΣ ΓΙΑΛΛΟΥΡΟΣ,,,,,,VATHIA GONIA SOLAR ENERGY LTD
polystep,POLYSTEP,1,1,8.00,0.00,50,PV EPC,Larnaca,,,,,,,POLYSTEP (ENERGY) LTD
gianko1,GIANKO1,1,1,7.95,0.00,50,PV EPC,Limassol,ΠΑΝΑΓΙΩΤΗΣ ΑΝΑΣΤΑΣΙΟΥ,,,,,,GIANKO1 SOLAR LTD
daisyrise,DAISYRISE,1,2,11.50,7.00,48,Hybrid EPC (PV + BESS),Limassol,IDO COHEN; RONEN HAREL,,,,,,DAISYRISE VENTURES LTD
future-sun,FUTURE SUN,1,2,10.68,4.50,48,Hybrid EPC (PV + BESS),Nicosia; Larnaca,,,,,,,FUTURE SUN POWER LTD
solek-lemesos,SOLEK LEMESOS,1,1,7.43,0.00,48,PV EPC,Limassol,ΓΡΗΓΟΡΙΟΣ ΜΑΡΙΝΑΚΗΣ,,,,,,SOLEK LEMESOS I LTD
ym-energian,YM ENERGIAN,1,2,11.97,10.00,47,Hybrid EPC (PV + BESS),Larnaca,,,,,,,YM ENERGIAN (CYPRUS) LTD
--6,ΠΑΝΕΠΙΣΤΗΜΙΟ ΚΥΠΡΟΥ,1,2,10.39,0.00,46,PV O&M,Nicosia,,,,,,,ΠΑΝΕΠΙΣΤΗΜΙΟ ΚΥΠΡΟΥ
flow,FLOW,1,1,6.50,4.50,46,Hybrid EPC (PV + BESS),Limassol,ΑΝΔΡΕΑΣ ΧΑΡΑΛΑΜΠΟΥΣ,,,,,,SOLAR FLOW ENERGY LTD
g-f,G F,1,3,16.12,8.00,44,Hybrid EPC (PV + BESS),Famagusta,ΓΙΩΡΓΟΣ ΦΡΑΓΚΕΣΚΟΥ,,,,,,G.F. CYSOLAR PVP1 LTD
gigawatt-global,GIGAWATT GLOBAL,1,4,10.00,10.00,44,PV O&M,Nicosia,,,,,,,GIGAWATT GLOBAL (CYPRUS) LTD
galbenita,GALBENITA,1,1,6.05,6.00,44,Hybrid EPC (PV + BESS),Larnaca,ΕΒΓΕΝΙ ΚΙΡΕΕΒ,,,,,,GALBENITA LTD
risanthi,RISANTHI,1,1,6.00,6.00,44,Hybrid EPC (PV + BESS),Nicosia,VLADIMIR NOVIKOV,,,,,,RISANTHI LTD
t-sun,T SUN,1,2,6.00,4.00,44,PV O&M,Limassol,,,,,,,L & T SUN ENERGY LTD
--7,ΔΗΜΟΣ ΠΟΛΕΜΙΔΙΩΝ,1,1,5.90,1.97,44,Hybrid EPC (PV + BESS),Limassol,,,,,,,ΔΗΜΟΣ ΠΟΛΕΜΙΔΙΩΝ
acv-souni,ACV SOUNI,1,1,6.00,0.00,42,PV EPC,Limassol,ΧΡΙΣΤΟΔΟΥΛΟΣ ΠΑΝΤΕΛΑΣ,,,,,,ACV SOUNI SOLAR VALLEY LTD
electrilo,ELECTRILO,1,1,5.50,4.00,42,Hybrid EPC (PV + BESS),Larnaca,ARCHIL MAMATELASHVILI; ΓΕΩΡΓΙΟΣ ΚΑΡΟΥΛΛΑΣ,,,,,,ELECTRILO LTD
suna,SUNA,1,1,4.50,0.00,42,PV O&M,Limassol,ΜΕΜΝΙΑ ΠΑΠΑΔΟΠΟΥΛΟΥ,,,,,,SUNA LTD
cypv,CYPV,1,1,4.40,0.00,42,PV O&M,Famagusta,ΠΑΡΑΣΚΕΥΑΣ ΑΝΔΡΕΟΥ; LEONID LAVRENTIEV,,,,,,CYPV ENERGY LTD
a,A,1,1,5.33,1.00,41,Hybrid EPC (PV + BESS),Limassol,ΕΥΓΕΝΙΑ ΗΡΟΔΟΤΟΥ; ΜΑΡΙΟΣ ΑΛΕΞΑΝΔΡΟΥ,,,,,,M.A.X.X. ENERGY GR LTD
tfc-develoments,TFC DEVELOMENTS,1,2,9.26,9.00,40,Hybrid EPC (PV + BESS),Nicosia,,,,,,,TFC DEVELOMENTS LTD
cyrus,CYRUS,1,1,5.40,0.00,40,PV EPC,Nicosia,ΑΝΔΡΕΑΣ ΑΡΕΣΤΗ,,,,,,CYRUS SOLAR THERMAL LTD
energyverse,ENERGYVERSE,1,1,5.10,3.35,40,Hybrid EPC (PV + BESS),Larnaca,ΚΥΡΙΑΚΟΣ ΧΑΒΑΤΖΙΑΣ,,,,,,ENERGYVERSE LTD
sunfan,SUNFAN,1,1,5.06,5.06,40,Hybrid EPC (PV + BESS),Limassol,ΛΕΥΤΕΡΗΣ ΕΛΕΥΘΕΡΙΟΥ,,,,,,SUNFAN LTD
sun-padivan,SUN PADIVAN,1,1,5.33,0.00,39,PV EPC,Larnaca,ΠΑΝΑΓΙΩΤΗΣ ΒΑΣΙΛΕΙΟΥ; ΝΙΚΟΛΑΣ ΓΑΒΡΙΗΛ,,,,,,SUN PADIVAN GROUP LTD
mezia,MEZIA,1,1,5.32,0.00,39,PV EPC,Limassol,ΑΘΑΝΑΣΙΟΣ ΑΘΑΝΑΣΙΟΥ,,,,,,MEZIA LTD
--8,ΑΗΚ -,1,4,20.00,0.00,38,PV EPC,Nicosia,,,,,,,ΑΗΚ - ΙΑΚ ΑΧΕΡΑ ΑΝΑΝΕΩΣΙΜΕΣ ΛΤΔ
earthlight-park,EARTHLIGHT PARK,1,2,10.00,0.00,38,PV EPC,Limassol,ΓΙΩΡΓΟΣ ΛΑΝΤΑΣ,,,,,,EARTHLIGHT PARK LTD
k-roukwoouden,K ROUKWOOUDEN,1,1,5.00,0.00,38,PV EPC,Paphos,,,,,,,K. ROUKWOOUDEN.SPEARGUNS LTD
intentions,INTENTIONS,1,1,5.00,0.00,38,PV EPC,Larnaca,ΛΟΥΚΑΣ ΧΡΙΣΤΟΔΟΥΛΙΔΗΣ,,,,,,INTENTIONS GREEN LTD
merbal,MERBAL,1,1,5.00,0.00,38,PV EPC,Paphos,ΑΝΔΡΕΑΣ ΝΕΟΦΥΤΟΥ,,,,,,MERBAL HOLDINGS LTD
pisces,PISCES,1,1,5.00,0.00,38,PV EPC,Limassol,ΠΑΥΛΟΣ ΠΑΥΛΙΔΗΣ,,,,,,PISCES POWER INVESTMENTS LTD
dianary,DIANARY,1,1,5.00,0.00,38,PV EPC,Nicosia,,,,,,,DIANARY HOLDINGS LTD
asp,ASP,1,1,5.00,0.00,38,PV EPC,Limassol,,,,,,,ASP 304 SOLAR LTD
vanalio,VANALIO,1,1,5.00,0.00,38,PV EPC,Nicosia,,,,,,,VANALIO HOLDINGS LTD
cysw,CYSW,1,1,4.90,0.00,38,PV EPC,Nicosia,ΑΝΔΡΕΑΣ ΑΝΔΡΕΟΥ; ΝΑΤΑΛΙΑ ΓΝΙΛΙΤΣΕΝΚΟ ΑΝΔΡΕΟΥ,,,,,,CYSW SOLAR WORLD LTD
ivsmm,IVSMM,1,1,4.60,0.85,38,Hybrid EPC (PV + BESS),Larnaca,ΕΠΙΣΚΟΠΟΣ ΕΠΙΦΑΝΙΟΣ ΜΑΧΑΙΡΙΩΤΗΣ,,,,,,IVSMM ENERGY LTD
eunice-wind,EUNICE WIND,1,1,4.10,4.50,38,Hybrid EPC (PV + BESS),Paphos,,,,,,,EUNICE WIND PARK HOLDINGS (INTL) LTD
s-s,S S,1,1,3.50,0.00,38,PV O&M,Nicosia,HAKAN HENRIKSSON; ΣΤΑΥΡΟΣ ΤΣΙΝΑΡΕΛΗΣ,,,,,,S.S.H. ARKOSYKIA SOLAR ENERGY LTD
hermes-airports,HERMES AIRPORTS,1,1,3.50,0.00,38,PV O&M,Larnaca,JOSEPH ADRIEN BOU NADER; PATRICK VIELLARD,,,,,,HERMES AIRPORTS LTD
--9,Α ΚΕΡΑΣΙ,1,2,6.15,0.00,37,PV O&M,Paphos,,,,,,,Α. ΚΕΡΑΣΙ (ΦΩΤΟΒΟΛΤΑΙΚΑ) ΛΤΔ
royal-valley,ROYAL VALLEY,1,1,4.35,4.35,37,Hybrid EPC (PV + BESS),Nicosia,,,,,,,ROYAL VALLEY HOLDINGS LTD
a-yiofyrka,A YIOFYRKA,1,1,4.20,2.00,37,Hybrid EPC (PV + BESS),Nicosia,,,,,,,M.A.C. YIOFYRKA ENERGY LTD
csap,CSAP,1,1,3.30,0.00,37,PV O&M,Nicosia,,,,,,,CSAP INVESTMENTS LTD
greenenergy,GREENENERGY,1,2,5.67,0.00,36,PV O&M,Nicosia; Famagusta,,,,,,,M.X. GREENENERGY LTD
hubloc,HUBLOC,1,1,4.60,0.00,36,PV EPC,Paphos,,,,,,,HUBLOC ENERGY LTD
g-p,G P,1,1,4.50,0.00,36,PV EPC,Paphos,,,,,,,G.V.P. SOLAR ENERGY 2 LTD
sontse,SONTSE,1,1,4.40,0.00,36,PV EPC,Limassol,,,,,,,SONTSE PV ALPHA LTD
heliotricity-lofou,HELIOTRICITY LOFOU,1,1,4.40,0.00,36,PV EPC,Limassol,,,,,,,HELIOTRICITY LOFOU PV PARKS LTD
r-e,R E,1,1,4.00,2.00,36,Hybrid EPC (PV + BESS),Larnaca,,,,,,,R.E. ECO EMPORIO LTD
nova,NOVA,1,1,4.00,2.00,36,Hybrid EPC (PV + BESS),Larnaca,,,,,,,SOLAR NOVA LTD
raygenix,RAYGENIX,1,1,4.00,4.00,36,Hybrid EPC (PV + BESS),Paphos,,,,,,,RAYGENIX LTD
cck-altenergo,CCK ALTENERGO,1,1,4.00,1.50,36,Hybrid EPC (PV + BESS),Larnaca,,,,,,,CCK ALTENERGO ENTERPRISES - PROJECT 1 LTD
three-hats,THREE HATS,1,1,3.00,0.00,36,PV O&M,Nicosia,,,,,,,THREE HATS LTD
svea,SVEA,1,1,3.00,0.00,36,PV O&M,Nicosia,,,,,,,SVEA SOLAR CYPRUS LTD
nanoki,NANOKI,1,1,3.00,0.00,36,PV O&M,Nicosia,,,,,,,NANOKI LTD
cypv-sunrising,CYPV SUNRISING,1,1,3.00,0.00,36,PV O&M,Nicosia,,,,,,,CYPV SUNRISING ENERGY LTD
cypv-sun,CYPV SUN,1,1,3.00,0.00,36,PV O&M,Nicosia,,,,,,,CYPV SUN POWER LTD
t-p,T P,1,1,3.00,0.00,36,PV O&M,Nicosia,,,,,,,T.P.M. ABITENERGY LTD
waneron-enterprises,WANERON ENTERPRISES,1,1,3.00,0.00,36,PV O&M,Nicosia,,,,,,,WANERON ENTERPRISES LTD
--10,ΔΗΜΟΣ ΑΡΑΔΙΠΠΟΥ,1,1,2.96,0.00,36,PV O&M,Larnaca,,,,,,,ΔΗΜΟΣ ΑΡΑΔΙΠΠΟΥ
darostel,DAROSTEL,1,1,4.30,0.00,35,PV EPC,Limassol,,,,,,,DAROSTEL LTD
tubetech,TUBETECH,1,1,2.70,0.00,35,PV O&M,Larnaca,,,,,,,TUBETECH LTD