Campaign,Keyword,Match Type,Level
#Account-Level Negatives — Apply to ALL campaigns,,
Search — Solar Investment Cyprus [HNI],home solar panels,Phrase,Campaign
Search — Solar Investment Cyprus [HNI],residential solar,Phrase,Campaign
Search — Solar Investment Cyprus [HNI],solar panels for house,Phrase,Campaign
Search — Solar Investment Cyprus [HNI],rooftop solar,Phrase,Campaign
Search — Solar Investment Cyprus [HNI],solar panel installation home,Phrase,Campaign
Search — Solar Investment Cyprus [HNI],net metering home,Phrase,Campaign
Search — Solar Investment Cyprus [HNI],solar water heater,Phrase,Campaign
Search — Solar Investment Cyprus [HNI],home battery,Phrase,Campaign
Search — Solar Investment Cyprus [HNI],powerwall,Phrase,Campaign
Search — Solar Investment Cyprus [HNI],solar panel cost,Phrase,Campaign
Search — Solar Investment Cyprus [HNI],how much do solar panels cost,Phrase,Campaign
Search — Solar Investment Cyprus [HNI],solar panel calculator,Phrase,Campaign
Search — Solar Investment Cyprus [HNI],solar roof,Phrase,Campaign
Search — Solar Investment Cyprus [HNI],solar jobs,Phrase,Campaign
Search — Solar Investment Cyprus [HNI],solar engineer,Phrase,Campaign
Search — Solar Investment Cyprus [HNI],solar installer job,Phrase,Campaign
Search — Solar Investment Cyprus [HNI],renewable energy career,Phrase,Campaign
Search — Solar Investment Cyprus [HNI],bess engineer,Phrase,Campaign
Search — Solar Investment Cyprus [HNI],solar technician,Phrase,Campaign
Search — Solar Investment Cyprus [HNI],energy jobs cyprus,Phrase,Campaign
Search — Solar Investment Cyprus [HNI],how to build solar panel,Phrase,Campaign
Search — Solar Investment Cyprus [HNI],diy solar,Phrase,Campaign
Search — Solar Investment Cyprus [HNI],solar panel kit,Phrase,Campaign
Search — Solar Investment Cyprus [HNI],solar energy pdf,Phrase,Campaign
Search — Solar Investment Cyprus [HNI],solar panel diagram,Phrase,Campaign
Search — Solar Investment Cyprus [HNI],what is solar energy,Phrase,Campaign
Search — Solar Investment Cyprus [HNI],solar panel types,Phrase,Campaign
Search — Solar Investment Cyprus [HNI],solar panel efficiency,Phrase,Campaign
Search — Solar Investment Cyprus [HNI],solar stock,Phrase,Campaign
Search — Solar Investment Cyprus [HNI],solar etf,Phrase,Campaign
Search — Solar Investment Cyprus [HNI],enphase stock,Phrase,Campaign
Search — Solar Investment Cyprus [HNI],first solar stock,Phrase,Campaign
Search — Solar Investment Cyprus [HNI],renewable energy stock,Phrase,Campaign
Search — Solar Investment Cyprus [HNI],bess stock,Phrase,Campaign
Search — Solar Investment Cyprus [HNI],battery stock,Phrase,Campaign
Search — Solar Investment Cyprus [HNI],tesla stock,Phrase,Campaign
Search — Solar Investment Cyprus [HNI],clean energy etf,Phrase,Campaign
Search — Solar Investment Cyprus [HNI],solar farm usa,Phrase,Campaign
Search — Solar Investment Cyprus [HNI],solar investment india,Phrase,Campaign
Search — Solar Investment Cyprus [HNI],solar africa,Phrase,Campaign
Search — Solar Investment Cyprus [HNI],solar farm australia,Phrase,Campaign
Search — Solar Investment Cyprus [HNI],solar farm texas,Phrase,Campaign
Search — Solar Investment Cyprus [HNI],free,Exact,Campaign
Search — Solar Investment Cyprus [HNI],cheap,Exact,Campaign
Search — Solar Investment Cyprus [HNI],subsidy,Phrase,Campaign
Search — Solar Investment Cyprus [HNI],government grant,Phrase,Campaign
Search — Solar Investment Cyprus [HNI],used solar panels,Phrase,Campaign
Search — Solar Investment Cyprus [HNI],second hand,Phrase,Campaign
Search — Solar Investment Cyprus [HNI],solar loan,Phrase,Campaign
Search — Solar Investment Cyprus [HNI],small solar,Phrase,Campaign
Search — BESS Curtailment Cyprus [Park Owners],home solar panels,Phrase,Campaign
Search — BESS Curtailment Cyprus [Park Owners],residential solar,Phrase,Campaign
Search — BESS Curtailment Cyprus [Park Owners],solar panels for house,Phrase,Campaign
Search — BESS Curtailment Cyprus [Park Owners],rooftop solar,Phrase,Campaign
Search — BESS Curtailment Cyprus [Park Owners],home battery,Phrase,Campaign
Search — BESS Curtailment Cyprus [Park Owners],powerwall,Phrase,Campaign
Search — BESS Curtailment Cyprus [Park Owners],solar jobs,Phrase,Campaign
Search — BESS Curtailment Cyprus [Park Owners],solar engineer,Phrase,Campaign
Search — BESS Curtailment Cyprus [Park Owners],diy solar,Phrase,Campaign
Search — BESS Curtailment Cyprus [Park Owners],solar stock,Phrase,Campaign
Search — BESS Curtailment Cyprus [Park Owners],solar etf,Phrase,Campaign
Search — BESS Curtailment Cyprus [Park Owners],battery stock,Phrase,Campaign
Search — BESS Curtailment Cyprus [Park Owners],tesla stock,Phrase,Campaign
Search — BESS Curtailment Cyprus [Park Owners],free,Exact,Campaign
Search — BESS Curtailment Cyprus [Park Owners],cheap,Exact,Campaign
Search — BESS Curtailment Cyprus [Park Owners],subsidy,Phrase,Campaign
Search — BESS Curtailment Cyprus [Park Owners],government grant,Phrase,Campaign
Search — BESS Investment [HNI+Technical],home solar panels,Phrase,Campaign
Search — BESS Investment [HNI+Technical],residential solar,Phrase,Campaign
Search — BESS Investment [HNI+Technical],home battery,Phrase,Campaign
Search — BESS Investment [HNI+Technical],powerwall,Phrase,Campaign
Search — BESS Investment [HNI+Technical],solar jobs,Phrase,Campaign
Search — BESS Investment [HNI+Technical],solar stock,Phrase,Campaign
Search — BESS Investment [HNI+Technical],solar etf,Phrase,Campaign
Search — BESS Investment [HNI+Technical],battery stock,Phrase,Campaign
Search — BESS Investment [HNI+Technical],free,Exact,Campaign
Search — BESS Investment [HNI+Technical],cheap,Exact,Campaign
Search — Alternative Investments [HNI],crypto,Phrase,Campaign
Search — Alternative Investments [HNI],bitcoin,Phrase,Campaign
Search — Alternative Investments [HNI],forex,Phrase,Campaign
Search — Alternative Investments [HNI],day trading,Phrase,Campaign
Search — Alternative Investments [HNI],penny stock,Phrase,Campaign
Search — Alternative Investments [HNI],free,Exact,Campaign
Search — Alternative Investments [HNI],cheap,Exact,Campaign
