Campaign,Ad Group,Headline 1,Headline 2,Headline 3,Headline 4,Headline 5,Headline 6,Headline 7,Headline 8,Headline 9,Headline 10,Headline 11,Headline 12,Headline 13,Headline 14,Headline 15,Description 1,Description 2,Description 3,Description 4,Final URL,Path 1,Path 2,Headline 1 position,Headline 2 position,Headline 3 position
Brand — SolarFarms / Lighthief,SolarFarms Brand,SolarFarms.cy — Official Site,Solar Farm Investment Cyprus,8–13% Annual IRR,Turnkey PV + BESS Projects,15+ Years Experience,100s MW Under Management,EU-Based Real Asset,Free Investment Guide,Talk to Our Team Today,3300+ Sun Hours Per Year,Single EPC+O&M Partner,25-Year Asset Life,Download Free Guide,Bankable Solar + Storage,Cyprus Solar Experts,Invest in turnkey solar farms in Cyprus. 8–13% IRR and 25-year asset life. Single EPC+O&M partner.,3300+ sun hours/year. Tier-1 BESS. Full bankability package. Download our free investment guide today.,From 1 MW to 10+ MW projects. Turnkey EPC and O&M with ready-to-build permitting included.,EU-based real asset with verified market data. 300+ sunny days per year. Speak with our team.,https://solarfarms.cy,invest,cyprus,1,2,3
Brand — SolarFarms / Lighthief,Lighthief Brand,Lighthief — Official Site,Cyprus BESS EPC Specialists,Turnkey Solar + Battery,15+ Years Experience,100s MW Under Management,Single EPC+O&M Partner,Tier-1 BESS Systems,From €100/kWh Installed,Free Curtailment Analysis,86.32% Round-Trip Efficiency,15-Year Warranty Available,7000 Cycle Battery Life,Talk to Our Team Today,Cyprus Solar + BESS,Trusted EPC Partner,Lighthief Cyprus — Turnkey EPC+O&M for solar farms and battery storage. 15+ years experience.,Tier-1 Linyang LFP systems. 86.32% RTE. Up to 15-year LTSA warranty. Single-source accountability.,From 1 MW to 25+ MW projects. BESS retrofit and new-build solar+storage across Cyprus.,100s MW under management across 11 countries. Your trusted partner for solar and BESS in Cyprus.,https://solarfarms.cy,bess,,1,2,3
Search — Solar Investment Cyprus [HNI],Solar Farm Investment,Solar Farm Investment Cyprus,8–13% Annual Returns,Turnkey PV + BESS Projects,Free Investment Guide,3300+ Sun Hours Per Year,25-Year Passive Income,From €1.75M — Full Turnkey,15+ Years Experience,EU-Based Real Asset,Single EPC+O&M Partner,7–10 Year Payback Period,Bankable Solar + Storage,100s MW Under Management,Talk to Our Team Today,Download Free Guide Now,Invest in turnkey solar farms in Cyprus. 8–13% IRR and 25-year asset life. Single EPC+O&M partner.,3300+ sun hours/year. Tier-1 BESS. Full bankability package. Download our free investment guide today.,From 1 MW to 10+ MW projects. Turnkey EPC and O&M with ready-to-build permitting included.,EU-based real asset with verified market data. 300+ sunny days per year. Speak with our team.,https://solarfarms.cy/invest,invest,solar,1,2,3
Search — Solar Investment Cyprus [HNI],Renewable Energy Investment Cyprus,Renewable Energy in Cyprus,8–13% IRR on Solar+BESS,EU-Based Clean Energy Asset,Free Investment Guide,Cyprus Solar Market Leader,300+ Sunny Days Per Year,25-Year Revenue Stream,Single EPC+O&M Partner,From €1.75M Turnkey,Green Energy Investment,Download Free Guide Now,Talk to Our Experts,Bankable & Insured,Proven Market Data,15+ Years Experience,Cyprus renewable energy investment delivering 8–13% annual returns. Turnkey PV+BESS projects.,Solar farms with 3300+ sun hours/year. EU-regulated market. Full bankability package available.,Single partner for EPC+O&M. 15+ years experience. 100s MW under management. Get your free guide.,From 1 MW starter projects to 10+ MW portfolio investments. 25-year asset life with verified returns.,https://solarfarms.cy/invest,invest,renewables,1,2,3
Search — Solar Investment Cyprus [HNI],Green Investment High Yield,High Yield Green Investment,8–13% Annual Returns,Solar Farm Investment Cyprus,Real Asset — Not Paper,25-Year Cash Flow,Free Investment Guide,EU-Based & Regulated,Better Than Bonds,Tangible Infrastructure,Turnkey PV + BESS,7–10 Year Payback,Bankable & Insured,Talk to Our Team,Download Guide Now,Proven Returns,Beyond bonds: solar farms in Cyprus deliver 8–13% annual returns on real infrastructure assets.,EU-regulated real asset with 25-year lifespan. Tangible infrastructure you can visit. Free guide.,Looking for green investments with real returns? 3300+ sun hours and verified market data back our projections.,From €1.75M turnkey. Single EPC+O&M partner. 15+ years experience. 100s MW managed worldwide.,https://solarfarms.cy/invest,invest,green,1,2,3
Search — Solar Investment Cyprus [HNI],Cyprus Energy Investment,Cyprus Energy Investment,Solar + Battery Storage,8–13% IRR Returns,Free Investment Guide,3300+ Sun Hours Per Year,EU-Regulated Market,25-Year Asset Life,Turnkey Projects Available,From €1.75M Entry,Fastest Growing EU Market,Single EPC+O&M Partner,Download Free Guide,Talk to Our Team,Bankable Projects,15+ Years Experience,Cyprus energy investment: solar farms plus battery storage delivering 8–13% annual returns.,3300+ sun hours/year in the EU's sunniest market. Turnkey EPC+O&M from a single trusted partner.,From 1 MW to 10+ MW. Ready-to-build permitting. Full bankability. Download our free investment guide.,25-year asset life with verified TSOC market data. EU-regulated. Speak with our investment team today.,https://solarfarms.cy/invest,invest,cyprus,1,2,3
Search — BESS Curtailment Cyprus [Park Owners],Solar Curtailment Solution,Stop Losing to Curtailment,BESS Recovers 50%+ Revenue,From €100/kWh Installed,47% Curtailment in 2025,5.8-Year BESS Payback,Sell at €183/MWh Peak,17.4% BESS ROI,Turnkey BESS EPC Cyprus,15-Year Warranty Available,7000 Cycle Battery Life,Free Curtailment Analysis,Your Park Loses €200K+/yr,86.32% Round-Trip Efficiency,Get Your Custom BESS Quote,Tier-1 Linyang LFP Systems,47% curtailment in 2025 — your solar park is losing €200K+/year. BESS recovers 50%+ at peak prices.,Turnkey BESS EPC from €100/kWh. 15-year warranty. 86.32% RTE. Payback in under 6 years.,Tier-1 Linyang LFP batteries. 7000 cycles. Full O&M included. Get your custom BESS proposal today.,Free curtailment financial analysis for your park. See exactly how much revenue BESS would recover.,https://solarfarms.cy/energy-storage,bess,curtailment,1,2,3
Search — BESS Curtailment Cyprus [Park Owners],BESS for Solar Parks,Add BESS to Your Solar Park,Recover Curtailed Revenue,From €100/kWh Installed,17.4% BESS ROI Proven,5.8-Year Payback Period,Turnkey BESS EPC Cyprus,86.32% Round-Trip Efficiency,Tier-1 Linyang LFP,15-Year LTSA Warranty,Free Site Assessment,Single EPC+O&M Partner,7000 Cycle Battery Life,Sell at €183/MWh Peak,Get Your BESS Quote Today,Future-Proof Your Park,Add battery storage to your existing solar park. Recover 50%+ of curtailed energy at peak prices.,Turnkey BESS EPC from €100/kWh for portfolios. Single partner for design and build and maintenance.,Tier-1 Linyang systems: 86.32% RTE and 7000 cycles. Up to 15-year LTSA. Full bankability package.,Free site assessment and curtailment analysis. See your exact ROI before you commit. Contact us today.,https://solarfarms.cy/energy-storage,bess,solar-park,1,2,3
Search — BESS Curtailment Cyprus [Park Owners],Battery Storage Cyprus EPC,Battery Storage EPC Cyprus,Turnkey BESS Installation,From €100/kWh Installed,Single EPC+O&M Partner,15-Year Warranty Available,Tier-1 Linyang LFP,86.32% Round-Trip Efficiency,24-26 Week Delivery,Free BESS Quote,7000 Cycle Battery Life,Full O&M Included,Bankable EPC Contracts,5-40+ MWh Systems,Get Your Quote Today,Trusted BESS Contractor,Turnkey BESS EPC in Cyprus from €100/kWh. Tier-1 Linyang LFP systems with up to 15-year warranty.,Single contractor for design and procurement and construction and O&M. No finger-pointing — one partner.,24-26 week delivery. Payment: 25% advance / 50% delivery / 20% commissioning / 5% retention.,5 MWh to 100+ MWh systems. Bank-accepted contracts. Full O&M at €1740/MWh/year. Get your quote.,https://solarfarms.cy/energy-storage,bess,epc,1,2,3
Search — BESS Curtailment Cyprus [Park Owners],Solar Park Revenue Loss,Your Solar Park Loses €200K+/yr,Curtailment Hit 47% in 2025,BESS Recovers Lost Revenue,Free Curtailment Analysis,Stop the Revenue Bleed,From €97/kWh BESS EPC,17.4% BESS ROI,5.8-Year Payback,Sell at €183/MWh Peak,50%+ Revenue Recovery,Turnkey Solution Available,Get Your Custom Analysis,Tier-1 BESS Systems,Talk to Our Engineers,Act Before It Gets Worse,Cyprus solar curtailment hit 47% in 2025. Your 5 MW park loses €200K+ per year. BESS recovers it.,Free curtailment financial analysis: we show you exactly what your park loses and what BESS recovers.,Turnkey BESS from €100/kWh. 17.4% ROI. 5.8-year payback. Proven with actual TSOC market data.,Every month without BESS is another month of lost revenue. Curtailment is accelerating. Act now.,https://solarfarms.cy/energy-storage,bess,revenue,1,2,3
Search — BESS Investment [HNI+Technical],Battery Storage Investment,Battery Storage Investment,BESS — 8–13% Annual IRR,EU Energy Storage Market,From €100/kWh Installed,Proven Revenue Model,Grid-Scale BESS Projects,Turnkey EPC + O&M,25-Year Asset Life,Free Investment Guide,Tier-1 LFP Technology,Bankable & Insured,Talk to Our Team,Download Free Guide,15+ Years Experience,Growing EU Demand,Invest in grid-scale battery storage in Cyprus. 8–13% IRR backed by verified TSOC market data.,BESS is the fastest-growing energy asset class. Proven revenue from curtailment recovery at €183/MWh.,Turnkey EPC+O&M from a single partner. Tier-1 Linyang LFP systems. Up to 15-year LTSA warranty.,EU market with 3300+ sun hours. 47% curtailment creates massive BESS revenue opportunity. Free guide.,https://solarfarms.cy/invest,invest,bess,1,2,3
Search — BESS Investment [HNI+Technical],BESS ROI,BESS ROI: Up to 17.4%,5.8-Year Payback Period,Battery Storage Returns,Verified Market Data,€183/MWh Peak Revenue,Proven Financial Model,Free ROI Analysis,Turnkey BESS EPC,15-Year Revenue Stream,Tier-1 LFP Technology,Talk to Our Team,86.32% Round-Trip Efficiency,6000 Cycle Lifetime,Download Free Guide,Bankable Investment,BESS delivers up to 17.4% ROI with 5.8-year payback. Based on 134 days of actual TSOC market data.,Evening peak prices average €183/MWh in Cyprus. BESS charges from curtailed solar and sells at peak.,Turnkey from €100/kWh for portfolios. Single EPC+O&M partner. Full bankability package for lenders.,Free ROI analysis with your specific parameters. We use real market data — not projections. Talk to us.,https://solarfarms.cy/invest,invest,bess-roi,1,2,3
Search — Alternative Investments [HNI],Alternative to Bonds,Beyond Bonds: 8–13% IRR,Solar Farm Real Assets,25-Year Cash Flow,EU-Regulated Investment,Tangible Infrastructure,Free Investment Guide,Better Than Fixed Income,7–10 Year Payback,Inflation-Protected Asset,Cyprus Solar + BESS,Talk to Our Team,Download Free Guide,100s MW Managed,Real Asset — Not Paper,Bankable & Insured,Beyond bonds: solar farms in Cyprus deliver 8–13% IRR on real infrastructure with 25-year cash flow.,Looking for real returns on tangible assets? Solar+BESS in the EU's sunniest market. Free guide.,EU-regulated with verified market data. 300+ sunny days. Inflation-protected revenue. Speak to us.,From €1.75M turnkey entry. Single EPC+O&M partner. 15+ years experience managing 100s of MW.,https://solarfarms.cy/invest,invest,alternative,1,2,3
Search — Alternative Investments [HNI],Green Investment EU,Green Investment: 8–13% IRR,EU Solar+BESS Projects,Sustainable Real Returns,ESG-Aligned Infrastructure,25-Year Cash Flow,Free Investment Guide,Tangible Green Asset,Cyprus Solar Market,Better Than Green Bonds,Turnkey PV + BESS,Talk to Our Team,Download Free Guide,EU-Regulated Market,Impact + Returns,3300+ Sun Hours Per Year,Green investment with real returns: 8–13% IRR from solar+BESS infrastructure in the EU's sunniest market.,ESG-aligned tangible asset with 25-year cash flow. Not a fund — direct ownership of real infrastructure.,3300+ sun hours/year. Turnkey EPC+O&M from a single partner. Full bankability. Download free guide.,Verified market data from TSOC. Proven revenue model. EU-regulated. Speak with our investment team.,https://solarfarms.cy/invest,invest,green,1,2,3
Search — Alternative Investments [HNI],Passive Income Real Assets,Passive Solar Income: 8–13%,Real Asset Cash Flow,25-Year Revenue Stream,EU-Based Infrastructure,Free Investment Guide,Turnkey PV + BESS,Hands-Off Investment,Single EPC+O&M Partner,Cyprus Solar Market,From €1.75M Entry,Download Free Guide,Talk to Our Team,Bankable & Insured,300+ Sunny Days Per Year,15+ Years Experience,Passive income from solar farms: 8–13% annual returns on EU-based real infrastructure assets.,Fully managed turnkey investment. Single EPC+O&M partner handles everything. You collect the returns.,25-year asset life with annual cash flow. 3300+ sun hours in Cyprus. Verified with TSOC market data.,From €1.75M entry. Full bankability package for lenders. 15+ years experience. Free investment guide.,https://solarfarms.cy/invest,invest,passive,1,2,3
