levels,buy,sell,trail_pct,leverage,trades,win_rate,final_eur,return_pct,max_dd,blown,stoch_exits,trail_exits
25/75,25,75,,10,8,62.5,0.0,-100.0,100.0,True,7,0
25/75,25,75,1.0,10,52,88.5,13703195.13,1370219.5,3.6,False,0,52
25/75,25,75,1.5,10,52,78.8,2419085.46,241808.5,10.9,False,0,52
25/75,25,75,2.0,10,52,73.1,584121.64,58312.2,26.0,False,0,52
25/75,25,75,2.5,10,52,69.2,88446.44,8744.6,45.1,False,0,52
25/75,25,75,3.0,10,52,59.6,9437.2,843.7,75.6,False,0,52
25/75,25,75,3.5,10,52,51.9,2046.86,104.7,88.4,False,1,51
25/75,25,75,4.0,10,52,46.2,848.47,-15.2,94.6,False,2,50
25/75,25,75,4.5,10,50,50.0,544.91,-45.5,94.9,False,4,46
25/75,25,75,5.0,10,49,49.0,430.19,-57.0,95.6,False,5,44
25/75,25,75,5.5,10,49,36.7,43.32,-95.7,98.3,False,6,43
25/75,25,75,6.0,10,47,36.2,32.1,-96.8,99.2,False,7,40
25/75,25,75,6.5,10,45,40.0,24.48,-97.6,99.4,False,9,36
25/75,25,75,7.0,10,44,47.7,98.77,-90.1,98.7,False,13,31
25/75,25,75,7.5,10,42,45.2,53.18,-94.7,99.3,False,13,29
25/75,25,75,8.0,10,41,43.9,14.33,-98.6,99.7,False,13,28
25/75,25,75,8.5,10,41,46.3,3.98,-99.6,99.9,False,14,27
25/75,25,75,9.0,10,40,50.0,5.72,-99.4,99.8,False,17,23
25/75,25,75,9.5,10,40,52.5,7.23,-99.3,99.7,False,19,21
25/75,25,75,10.0,10,40,52.5,3.26,-99.7,99.9,False,21,19
25/75,25,75,10.5,10,40,52.5,0.45,-100.0,100.0,False,22,18
25/75,25,75,11.0,10,39,59.0,0.64,-99.9,100.0,False,24,15
25/75,25,75,11.5,10,9,55.6,0.0,-100.0,100.0,True,7,2
25/75,25,75,12.0,10,9,55.6,0.0,-100.0,100.0,True,7,1
25/75,25,75,12.5,10,8,62.5,0.0,-100.0,100.0,True,7,0
25/75,25,75,13.0,10,8,62.5,0.0,-100.0,100.0,True,7,0
25/75,25,75,13.5,10,8,62.5,0.0,-100.0,100.0,True,7,0
25/75,25,75,14.0,10,8,62.5,0.0,-100.0,100.0,True,7,0
25/75,25,75,14.5,10,8,62.5,0.0,-100.0,100.0,True,7,0
25/75,25,75,15.0,10,8,62.5,0.0,-100.0,100.0,True,7,0
20/80,20,80,,10,1,0.0,0.0,-100.0,100.0,True,0,0
20/80,20,80,1.0,10,51,84.3,877413.74,87641.4,7.4,False,0,51
20/80,20,80,1.5,10,51,66.7,86364.74,8536.5,19.7,False,0,51
20/80,20,80,2.0,10,51,56.9,22165.87,2116.6,37.6,False,0,51
20/80,20,80,2.5,10,51,52.9,3720.99,272.1,55.6,False,0,51
20/80,20,80,3.0,10,51,39.2,259.77,-74.0,87.5,False,0,51
20/80,20,80,3.5,10,51,33.3,62.2,-93.8,97.2,False,2,49
20/80,20,80,4.0,10,51,35.3,19.46,-98.1,99.6,False,3,48
20/80,20,80,4.5,10,50,36.0,9.18,-99.1,99.7,False,4,46
20/80,20,80,5.0,10,50,36.0,4.39,-99.6,99.8,False,5,45
20/80,20,80,5.5,10,47,29.8,0.52,-99.9,100.0,False,4,43
20/80,20,80,6.0,10,45,31.1,0.24,-100.0,100.0,False,5,40
20/80,20,80,6.5,10,44,36.4,0.09,-100.0,100.0,False,7,37
20/80,20,80,7.0,10,43,39.5,1.36,-99.9,100.0,False,12,31
20/80,20,80,7.5,10,42,38.1,0.4,-100.0,100.0,False,12,30
20/80,20,80,8.0,10,42,40.5,0.08,-100.0,100.0,False,13,29
20/80,20,80,8.5,10,42,42.9,0.01,-100.0,100.0,False,14,28
20/80,20,80,9.0,10,40,42.5,0.0,-100.0,100.0,False,14,26
20/80,20,80,9.5,10,38,47.4,0.0,-100.0,100.0,False,16,22
20/80,20,80,10.0,10,38,50.0,0.0,-100.0,100.0,False,18,20
20/80,20,80,10.5,10,37,51.4,0.0,-100.0,100.0,False,18,19
20/80,20,80,11.0,10,37,54.1,0.0,-100.0,100.0,False,20,17
20/80,20,80,11.5,10,33,54.5,0.0,-100.0,100.0,True,19,14
20/80,20,80,12.0,10,32,53.1,0.0,-100.0,100.0,True,19,13
20/80,20,80,12.5,10,11,63.6,0.0,-100.0,100.0,True,7,4
20/80,20,80,13.0,10,11,63.6,0.0,-100.0,100.0,True,7,4
20/80,20,80,13.5,10,11,72.7,0.0,-100.0,100.0,True,8,3
20/80,20,80,14.0,10,11,72.7,0.0,-100.0,100.0,True,8,3
20/80,20,80,14.5,10,11,72.7,0.0,-100.0,100.0,True,8,3
20/80,20,80,15.0,10,11,72.7,0.0,-100.0,100.0,True,8,3
30/60,30,60,,10,2,0.0,0.0,-100.0,100.0,True,1,0
30/60,30,60,1.0,10,49,87.8,2495614.59,249461.5,5.5,False,0,49
30/60,30,60,1.5,10,49,73.5,272249.9,27125.0,16.2,False,0,49
30/60,30,60,2.0,10,49,63.3,57177.37,5617.7,28.3,False,0,49
30/60,30,60,2.5,10,49,61.2,13476.19,1247.6,45.7,False,1,48
30/60,30,60,3.0,10,49,49.0,1621.94,62.2,59.6,False,1,48
30/60,30,60,3.5,10,49,49.0,725.34,-27.5,77.3,False,2,47
30/60,30,60,4.0,10,49,44.9,348.66,-65.1,89.2,False,4,45
30/60,30,60,4.5,10,48,47.9,198.69,-80.1,95.0,False,5,43
30/60,30,60,5.0,10,47,44.7,53.0,-94.7,95.6,False,6,41
30/60,30,60,5.5,10,47,38.3,6.27,-99.4,99.4,False,7,40
30/60,30,60,6.0,10,46,34.8,2.44,-99.8,99.9,False,8,38
30/60,30,60,6.5,10,45,33.3,1.11,-99.9,99.9,False,10,35
30/60,30,60,7.0,10,43,39.5,5.08,-99.5,99.8,False,15,28
30/60,30,60,7.5,10,43,41.9,2.44,-99.8,99.9,False,17,26
30/60,30,60,8.0,10,43,46.5,1.2,-99.9,99.9,False,19,24
30/60,30,60,8.5,10,43,51.2,0.51,-99.9,100.0,False,20,23
30/60,30,60,9.0,10,43,53.5,0.07,-100.0,100.0,False,21,22
30/60,30,60,9.5,10,43,55.8,0.04,-100.0,100.0,False,23,20
30/60,30,60,10.0,10,43,55.8,0.02,-100.0,100.0,False,26,17
30/60,30,60,10.5,10,43,55.8,0.0,-100.0,100.0,False,27,16
30/60,30,60,11.0,10,41,58.5,0.0,-100.0,100.0,True,27,14
30/60,30,60,11.5,10,8,62.5,0.0,-100.0,100.0,True,6,2
30/60,30,60,12.0,10,2,0.0,0.0,-100.0,100.0,True,1,1
30/60,30,60,12.5,10,2,0.0,0.0,-100.0,100.0,True,1,1
30/60,30,60,13.0,10,2,0.0,0.0,-100.0,100.0,True,1,1
30/60,30,60,13.5,10,2,0.0,0.0,-100.0,100.0,True,1,1
30/60,30,60,14.0,10,2,0.0,0.0,-100.0,100.0,True,1,0
30/60,30,60,14.5,10,2,0.0,0.0,-100.0,100.0,True,1,0
30/60,30,60,15.0,10,2,0.0,0.0,-100.0,100.0,True,1,0
